{
    "params": {
        "appName": "ETL_Workflow",
        "mode": "python"
    },
    "dependencyGraph": {
        "Load_countrycode_DataTask": [],
        "Load_billdtls_DataTask": [],
        "Select_billdtls_DataTask": ["Load_billdtls_DataTask"],
        "Select_countrycode_DataTask": ["Load_countrycode_DataTask"],
        "Filter_countrycode_DataTask": ["Select_countrycode_DataTask"],
        "Filter_billdtls_DataTask": ["Select_billdtls_DataTask"],
        "Join_invoice_DataTask": ["Filter_billdtls_DataTask", "Filter_countrycode_DataTask"],
        "File_delivery_DataTask": ["Join_invoice_DataTask"]
    },
    "tasks": {
        "Load_countrycode_DataTask": {
            "params": {
                "input_file_type": "csv",
                "input_file_name": "country_code.csv",
                "outputFile": "load_country_code",
                "stepName": "Load_countrycode_DataTask"
            },
            "taskType": "LoadDataTask"
        },
        "Load_billdtls_DataTask": {
            "params": {
                "input_file_type": "csv",
                "input_file_name": "bill_details.csv",
                "outputFile": "load_bill_details",
                "stepName": "Load_billdtls_DataTask"
            },
            "taskType": "LoadDataTask"
        },
        "Select_billdtls_DataTask": {
            "params": {
                "columnList": ["bill_date", "invoice_number", "name", "country_code", "bill_amount"],
                "outputFile": "select_billdtls",
                "stepName": "Select_billdtls_DataTask"
            },
            "taskType": "SelectDataColumnsTask"
        },
        "Select_countrycode_DataTask": {
            "params": {
                "columnList": ["country_code", "country_name"],
                "outputFile": "select_countrycode",
                "stepName": "Select_countrycode_DataTask"
            },
            "taskType": "SelectDataColumnsTask"
        },
        "Filter_countrycode_DataTask": {
            "params": {
                "filterCond": "(df.country_code == 'US')",
                "outputFile": "filter_countrycode",
                "stepName": "Filter_countrycode_DataTask"
            },
            "taskType": "FilterDataTask"
        },
        "Filter_billdtls_DataTask": {
            "params": {
                "filterCond": "(df.invoice_number == 'TM10298')",
                "outputFile": "filter_billdtls",
                "stepName": "Filter_billdtls_DataTask"
            },
            "taskType": "FilterDataTask"
        },
        "Join_invoice_DataTask": {
            "params": {
                "joinCond": "(dfLeft['country_code'] == dfRight['country_code'])",
                "joinType": "inner",
                "outputFile": "join_country_billdtls",
                "stepName": "Join_invoice_DataTask"
            },
            "taskType": "JoinDataTask"
        },
        "File_delivery_DataTask": {
            "params": {
                "outputFile": "invoice_summary",
                "stepName": "File_delivery_DataTask"
            },
            "taskType": "FileDeliveryTask"
        }
    }

}
